task_key,task,accuracy,f1_macro
type2,type2,0.76,0.6955266955266954
type23,type23,0.64,0.4848484848484848
type234,type234,0.6,0.34920634920634913
