task_key,task,accuracy,f1_macro
type2,type2,0.8823529411764706,0.5761904761904763
type23,type23,0.7647058823529411,0.5474747474747476
type234,type234,0.6470588235294118,0.45238095238095244
