task_key,task,accuracy,f1_macro
type2,type2,0.84,0.8630952380952381
type23,type23,0.64,0.4919242550821498
type234,type234,0.56,0.3205128205128205
